feature,Feature Importance,counts,RF Feature Importance,RFE RF Score,RF Permutation Importance,Ridge Permutation Importance,RFE Ridge Score,RF Feature Importance Normalized,RF Permutation Importance Normalized,Ridge Permutation Importance Normalized,RFE RF Score Normalized,RFE Ridge Score Normalized
% Asian or Asian/Pacific Islander Students 2018-2019,0.2974214381814105,6,0.010562666604192042,1.0,0.006896551724137922,-0.009852216748768461,1.0,0.018779879318332596,0.014767932489451479,0.044642857142857144,0.019230769230769232,0.2
% Asian or Asian/Pacific Islander Students 2021-2022,0.27985324039449594,6,0.007165398242958805,1.0,0.009852216748768461,-0.005911330049261076,1.0,0.012739710464510294,0.021097046413502112,0.026785714285714288,0.019230769230769232,0.2
% White Students 2018-2019,0.2764082769407627,5,0.014084875046585987,1.0,0.010837438423645308,-0.0019704433497536923,1.0,0.025042185226569695,0.023206751054852325,0.00892857142857143,0.019230769230769232,0.2
# of Housing Units 10,0.24816367127742914,7,0.008877349720665022,0.0,0.008866995073891614,-0.002955665024630538,1.0,0.015783472362420083,0.0189873417721519,0.013392857142857144,0.0,0.2
% On Campus 10/30/20,0.23127191625933363,8,0.018415955359131528,1.0,0.0049261083743842304,0.006896551724137922,1.0,0.03274262382181333,0.010548523206751056,-0.03125,0.019230769230769232,0.2
Average Annual Pay,0.17986105258656826,7,0.009085295179848806,1.0,0.0049261083743842304,-0.029556650246305383,0.0,0.016153188720476566,0.010548523206751056,0.13392857142857142,0.019230769230769232,0.0
% Free or Reduced Lunch 2018-2019,0.15881007316769724,4,0.009799854129274213,1.0,0.0049261083743842304,-0.024630541871921152,0.0,0.017423637873034113,0.010548523206751056,0.11160714285714286,0.019230769230769232,0.0
% of Population Under 18 in Poverty,0.15536811288606728,5,0.005076743811440735,0.0,0.007881773399014769,-0.028571428571428536,0.0,0.009026190040979869,0.01687763713080169,0.12946428571428573,0.0,0.0
% Students Tested Reading - Grade 6 2018-2019,0.15140339281235837,6,0.0100201597877218,1.0,0.013793103448275845,-0.018719211822660075,0.0,0.017815330031257633,0.029535864978902957,0.08482142857142858,0.019230769230769232,0.0
Total Staff 2020-2021,0.13606230834127195,4,0.008511198011392499,1.0,0.007881773399014769,-0.018719211822660075,0.0,0.015132473408272448,0.01687763713080169,0.08482142857142858,0.019230769230769232,0.0
% Students Tested Reading - Grade 3 2018-2019,0.12178274648114283,4,0.00828793405842898,1.0,0.011822660098522153,-0.013793103448275845,0.0,0.014735521554171068,0.025316455696202535,0.0625,0.019230769230769232,0.0
% Age 85-Up Pop 10,0.12104391445653508,4,0.006134867212195415,1.0,0.0049261083743842304,-0.017733990147783228,0.0,0.010907479161871948,0.010548523206751056,0.08035714285714285,0.019230769230769232,0.0
% Students Tested Reading - Grade 8 2018-2019,0.09850595367948577,5,0.00843924209575222,1.0,0.021674876847290615,-0.0039408866995073845,0.0,0.015004539481869028,0.04641350210970465,0.01785714285714286,0.019230769230769232,0.0
Total Teachers 2021-2022,0.09785909599746752,4,0.009209041426444879,1.0,0.0019704433497536923,-0.012807881773399,0.0,0.01637320319828358,0.0042194092827004225,0.05803571428571429,0.019230769230769232,0.0
% County Deaths 09/28/20,0.09721562861603437,5,0.007522801288799472,1.0,0.0009852216748768461,-0.013793103448275845,0.0,0.013375154743914932,0.0021097046413502112,0.0625,0.019230769230769232,0.0
CARES ESSER I 20 NORM,0.08998240746196033,5,0.007978398119439841,1.0,0.011822660098522153,-0.006896551724137922,0.0,0.014185182534988567,0.025316455696202535,0.03125,0.019230769230769232,0.0
County Population,0.08800522146387339,6,0.009239527469957492,1.0,0.009852216748768461,-0.006896551724137922,0.0,0.016427405819602052,0.021097046413502112,0.03125,0.019230769230769232,0.0
% ADA 2021-2022,0.08535098536987903,5,0.008933257973104987,1.0,0.008866995073891614,-0.006896551724137922,0.0,0.015882874366957907,0.0189873417721519,0.03125,0.019230769230769232,0.0
Total Students 2021-2022,0.08457580865004478,6,0.013794561108518288,1.0,0.012807881773399,-0.002955665024630538,0.0,0.02452602193886567,0.027426160337552748,0.013392857142857144,0.019230769230769232,0.0
% Students Tested Reading - Grade 5 2020-2021,0.08205108420258905,4,0.013836594411965539,1.0,0.015763546798029538,-0.0009852216748768461,0.0,0.024600754995930722,0.03375527426160338,0.004464285714285715,0.019230769230769232,0.0
% K 2018-2019,0.08140445929942668,6,0.010050848282366808,1.0,0.02068965517241377,0.0,0.0,0.01786989260030301,0.04430379746835444,-0.0,0.019230769230769232,0.0
% Grades 9-12 2020-2021,0.07920558921549231,5,0.009449778537693245,1.0,0.011822660098522153,-0.0039408866995073845,0.0,0.016801221431377678,0.025316455696202535,0.01785714285714286,0.019230769230769232,0.0
% Grades 9-12 2018-2019,0.0747951715768866,6,0.00948007641737461,1.0,0.011822660098522153,-0.002955665024630538,0.0,0.01685508950705769,0.025316455696202535,0.013392857142857144,0.019230769230769232,0.0
% Grades 9-12 2021-2022,0.07345794914839716,5,0.007679096082607256,1.0,0.014778325123152691,-0.0019704433497536923,0.0,0.013653038868803332,0.03164556962025317,0.00892857142857143,0.019230769230769232,0.0
% Students Tested Reading - Grade 7 2021-2022,0.07290003031890409,6,0.008912107962119114,1.0,0.0009852216748768461,-0.007881773399014769,0.0,0.015845270732498928,0.0021097046413502112,0.03571428571428572,0.019230769230769232,0.0
% K 2020-2021,0.07241995208422547,5,0.01051733345065194,1.0,0.009852216748768461,-0.002955665024630538,0.0,0.018699279297096985,0.021097046413502112,0.013392857142857144,0.019230769230769232,0.0
% White Students 2021-2022,0.06870912206736025,4,0.013865220101634976,1.0,0.015763546798029538,0.0019704433497536923,0.0,0.024651650003559074,0.03375527426160338,-0.00892857142857143,0.019230769230769232,0.0
% Students Tested Reading - Grade 7 2018-2019,0.06721139955836777,5,0.011285318394549843,1.0,0.008866995073891614,-0.0019704433497536923,0.0,0.02006471712687522,0.0189873417721519,0.00892857142857143,0.019230769230769232,0.0
Avg Family Size 10,0.06281819511744978,4,0.008401189203220152,1.0,0.002955665024630538,-0.0049261083743842304,0.0,0.014936883391201347,0.006329113924050634,0.022321428571428572,0.019230769230769232,0.0
% Asian Pop 10,0.06233668175234229,5,0.008130363972936159,1.0,0.002955665024630538,-0.0049261083743842304,0.0,0.014455370026093855,0.006329113924050634,0.022321428571428572,0.019230769230769232,0.0
% Students Tested Reading - Grade 4 2021-2022,0.06050559307980531,5,0.00814934063817865,1.0,0.0,-0.005911330049261076,0.0,0.014489109563321789,0.0,0.026785714285714288,0.019230769230769232,0.0
% County Infected 10/30/20,0.0604345710747881,4,0.007335174105929897,0.0,0.013793103448275845,-0.0039408866995073845,0.0,0.013041563238742277,0.029535864978902957,0.01785714285714286,0.0,0.0
% On Campus 09/28/20,0.060237016967056065,5,0.01412195772810204,1.0,0.015763546798029538,0.0039408866995073845,0.0,0.02510811633182632,0.03375527426160338,-0.01785714285714286,0.019230769230769232,0.0
# of Households 10,0.05808349676908005,6,0.006013636911051861,1.0,0.006896551724137922,-0.002955665024630538,0.0,0.010691937906002194,0.014767932489451479,0.013392857142857144,0.019230769230769232,0.0
Total Students 2020-2021,0.05705051247724644,5,0.014925397341472151,1.0,-0.0009852216748768461,-0.002955665024630538,0.0,0.026536590744970275,-0.0021097046413502112,0.013392857142857144,0.019230769230769232,0.0
% Students Tested Reading - Grade 7 2020-2021,0.05623756526987258,6,0.010548157885982677,1.0,0.014778325123152691,0.002955665024630538,0.0,0.018754083561707328,0.03164556962025317,-0.013392857142857144,0.019230769230769232,0.0
% Students Tested Reading - Grade 5 2021-2022,0.055605360081479635,4,0.009779387400087138,1.0,0.008866995073891614,0.0,0.0,0.017387249078558507,0.0189873417721519,-0.0,0.019230769230769232,0.0
% Students Tested Reading - Grade 5 2018-2019,0.05464488991762654,4,0.007914850339093848,1.0,0.007881773399014769,-0.0009852216748768461,0.0,0.014072197841769904,0.01687763713080169,0.004464285714285715,0.019230769230769232,0.0
% Hispanic Students 2018-2019,0.054170711739303865,4,0.009110205036687597,1.0,0.010837438423645308,0.0009852216748768461,0.0,0.016197477167968016,0.023206751054852325,-0.004464285714285715,0.019230769230769232,0.0
% Hispanic Students 2021-2022,0.051626030298768145,5,0.011514203169811409,1.0,0.011822660098522153,0.002955665024630538,0.0,0.020471662514653526,0.025316455696202535,-0.013392857142857144,0.019230769230769232,0.0
% On Campus 01/29/21,0.0510971386697444,6,0.023909056530822658,1.0,0.013793103448275845,0.008866995073891614,0.0,0.04250907588864364,0.029535864978902957,-0.040178571428571425,0.019230769230769232,0.0
% Black or African American Students 2018-2019,0.049458341581311245,4,0.00841975194734621,1.0,0.002955665024630538,-0.0019704433497536923,0.0,0.014969886997919946,0.006329113924050634,0.00892857142857143,0.019230769230769232,0.0
% Students Tested Reading - Grade 4 2018-2019,0.04901849600902106,4,0.006074632540635362,1.0,0.008866995073891614,0.0,0.0,0.010800385006099932,0.0189873417721519,-0.0,0.019230769230769232,0.0
% Grades 1-8 2020-2021,0.04827015444734274,6,0.009764434221853998,1.0,0.013793103448275845,0.0039408866995073845,0.0,0.017360663094813416,0.029535864978902957,-0.01785714285714286,0.019230769230769232,0.0
Avg Household Size 10,0.047203052249119255,5,0.007702192656401173,1.0,0.010837438423645308,0.0019704433497536923,0.0,0.013694103392069132,0.023206751054852325,-0.00892857142857143,0.019230769230769232,0.0
% Students Tested Reading - Grade 8 2021-2022,0.04682262723566272,5,0.008399359434782004,1.0,0.005911330049261076,0.0,0.0,0.014933630156792218,0.012658227848101267,-0.0,0.019230769230769232,0.0
Total Students 2018-2019,0.045207356676720954,5,0.00931312764463085,1.0,-0.0039408866995073845,-0.0039408866995073845,0.0,0.016558263154209708,-0.008438818565400845,0.01785714285714286,0.019230769230769232,0.0
% Students Tested Reading - Grade 6 2021-2022,0.0442850527938117,6,0.009207570837201952,1.0,0.0019704433497536923,-0.0009852216748768461,0.0,0.01637058856605633,0.0042194092827004225,0.004464285714285715,0.019230769230769232,0.0
Per Capita Income,0.04412076089839605,7,0.0070174354733088685,1.0,0.007881773399014769,0.0009852216748768461,0.0,0.012476640251110845,0.01687763713080169,-0.004464285714285715,0.019230769230769232,0.0
# of Families 10,0.03848760218813317,5,0.0069948684251034425,0.0,0.005911330049261076,-0.002955665024630538,0.0,0.012436517197174759,0.012658227848101267,0.013392857142857144,0.0,0.0
% Students Tested Reading - Grade 6 2020-2021,0.034805970027444774,4,0.008897937978311045,1.0,0.0019704433497536923,0.0009852216748768461,0.0,0.015820077228260836,0.0042194092827004225,-0.004464285714285715,0.019230769230769232,0.0
% Free or Reduced Lunch 2020-2021,0.031534584160855264,5,0.008795474111227781,1.0,0.008866995073891614,0.0049261083743842304,0.0,0.0156379017293627,0.0189873417721519,-0.022321428571428572,0.019230769230769232,0.0
% Students Tested Reading - Grade 8 2020-2021,0.030753392583627744,5,0.01136496142545643,1.0,-0.0019704433497536923,0.0009852216748768461,0.0,0.02020631834984465,-0.0042194092827004225,-0.004464285714285715,0.019230769230769232,0.0
CRRSA ESSER II 21 NORM,0.029724634750395145,6,0.008688610717094807,1.0,0.0039408866995073845,0.002955665024630538,0.0,0.015447904097082212,0.008438818565400845,-0.013392857142857144,0.019230769230769232,0.0
% Students Tested Reading - Grade 3 2021-2022,0.022141400106680066,4,0.010356425187339955,1.0,-0.0009852216748768461,0.002955665024630538,0.0,0.018413192660118188,-0.0021097046413502112,-0.013392857142857144,0.019230769230769232,0.0
ARP ESSER III 21 NORM,0.013603591383032604,5,0.009251068578865408,0.0,0.0049261083743842304,0.002955665024630538,0.0,0.016447925319138693,0.010548523206751056,-0.013392857142857144,0.0,0.0
% Prek 2021-2022,0.004539345962889858,5,0.007988164515548329,0.0,0.005911330049261076,0.0049261083743842304,0.0,0.014202546686217163,0.012658227848101267,-0.022321428571428572,0.0,0.0
% Prek 2018-2019,0.004075871235525129,7,0.00814148926610329,1.0,0.0049261083743842304,0.008866995073891614,0.0,0.014475150226576267,0.010548523206751056,-0.040178571428571425,0.019230769230769232,0.0
